Stock,R2,MAPE
TCS,0.49672535221080455,5.867485507681153
Sun Pharma,0.9123474597935995,1.140603476353671
Bajaj Auto,0.35562364266312596,7.026405036397652
Kotak Bank,-7.108531040767145,26.778289656337414
Tata Steel,-3.2317582368621878,34.952595644698576
Nestle,0.3466849489894386,7.842755424627877
Bharti Airtel,0.9039099464036386,1.5049040877875335
Infosys,0.11728209492636543,4.210475807011655
Asian Paints,-0.2744316647320604,7.120843374632649
Reliance,-24.461678194945748,29.62134505732301
